{"cameraMode":{"drawMode":0,"name":"Shaded","section":"Shading Mode"},"sceneLighting":true,"audioPlay":false,"sceneViewState":{"m_AlwaysRefresh":false,"showFog":true,"showSkybox":false,"showFlares":true,"showImageEffects":true,"showParticleSystems":true,"showVisualEffectGraphs":true,"m_FxEnabled":true},"in2DMode":false,"pivot":{"x":1.0207901000976563,"y":0.9454971551895142,"z":-0.6407551765441895},"rotation":{"x":-0.20248514413833619,"y":-0.3569580018520355,"z":0.07956399768590927,"w":-0.9084345102310181},"size":1.6740001440048218,"orthographic":false}