{"cameraMode":{"drawMode":0,"name":"Shaded","section":"Shading Mode"},"sceneLighting":true,"audioPlay":false,"sceneViewState":{"m_AlwaysRefresh":false,"showFog":true,"showSkybox":true,"showFlares":true,"showImageEffects":true,"showParticleSystems":true,"showVisualEffectGraphs":true,"m_FxEnabled":true},"in2DMode":false,"pivot":{"x":0.06678585708141327,"y":-150.86483764648438,"z":-33.41440963745117},"rotation":{"x":0.0014873419422656298,"y":-0.7823971509933472,"z":0.6228052973747253,"w":0.0019121062941849232},"size":99.96389770507813,"orthographic":false}