{"cameraMode":{"drawMode":0,"name":"Shaded","section":"Shading Mode"},"sceneLighting":true,"audioPlay":false,"sceneViewState":{"m_AlwaysRefresh":false,"showFog":true,"showSkybox":true,"showFlares":true,"showImageEffects":true,"showParticleSystems":true,"showVisualEffectGraphs":true,"m_FxEnabled":true},"in2DMode":false,"pivot":{"x":85.74004364013672,"y":-148.82009887695313,"z":73.76959228515625},"rotation":{"x":-0.47531557083129885,"y":0.0025990239810198547,"z":-0.0014275953872129322,"w":-0.8798413872718811},"size":122.06578063964844,"orthographic":false}