{"cameraMode":{"drawMode":0,"name":"Shaded","section":"Shading Mode"},"sceneLighting":true,"audioPlay":false,"sceneViewState":{"m_AlwaysRefresh":false,"showFog":true,"showSkybox":true,"showFlares":true,"showImageEffects":true,"showParticleSystems":true,"showVisualEffectGraphs":true,"m_FxEnabled":true},"in2DMode":false,"pivot":{"x":6.302699089050293,"y":-12.171728134155274,"z":19.761394500732423},"rotation":{"x":-0.3422112464904785,"y":0.37872394919395449,"z":-0.15319737792015077,"w":-0.8462133407592773},"size":21.826936721801759,"orthographic":false}